user_name,location,friends,followers,created_date,text_raw
humblegentsnl,"Haarlem, Nederland",1410,6604,2020-12-13T23:05:36,@leeash10 Hi mate no sorry no longer in stock
HiTCapital2,None,0,12,2020-12-13T23:05:36,$CM8 we should see it starting to move back up. I can't imagine there'll be too much more stock changing hands at t‚Ä¶ https://t.co/oWq0o5txFZ
RonenBenReuben,"Los Angeles, CA",57,14,2020-12-13T23:05:36,"@Chargers I get the Chargers think firing Lynn is not going to help this season, but it will help you not look like‚Ä¶ https://t.co/RFgDSS6Aoo"
Aniras27,Germany,925,28,2020-12-13T23:05:37,"RT @modooborahae: 2020 BTS Covers:
GQ Japan: BTS - World Domination
Rolling Stone India: The Ultimate Guide to BTS
Wall Street Journal Maga‚Ä¶"
Squirrel1110,None,137,1530,2020-12-13T23:05:37,RT @darinp2: @StephanieCreary @WSJ The @WSJ also has the horrible Kimberley Strassel on their editorial board. Nobody should put any stock‚Ä¶
nuraishabalqiss,None,131,343,2020-12-13T23:05:38,"RT @ko2w: ‚ÄúHello, Mas Elon?‚Äù
‚ÄúNo, it‚Äôs Elon Musk.‚Äù https://t.co/2xcI2BSR93"
Collegecovid19,"Lexington, KY",0,2,2020-12-13T23:05:38,RT @goldingkentucky: This is a GREAT WashPost piece about why the Wall Street Journal piece about Jill Biden is worse than you think! Take‚Ä¶
DukeJahu311,"Michigan, USA",4114,325,2020-12-13T23:05:39,"RT @CoriBush: They had the money for endless wars. 

They had the money for Wall Street bailouts. 

They have the money for pandemic surviv‚Ä¶"
bsveolijhwww,üáØüáµ‚Üíüá∫üá∏‚Üíüáªüá≥‚ÜíüáØüáµ,517,186,2020-12-13T23:05:40,Streaming video services are accelerating by COVID-19.Many customers tend to watch them because they can watch them‚Ä¶ https://t.co/3oWTP8LA1Q
omary95,Southern Illinois,1414,420,2020-12-13T23:05:40,"My God.

I hadn't heard of the article that prompted @MonicaHesse
to write this response. I'm glad. I'm angry enoug‚Ä¶ https://t.co/c8DGQih3UA"
Yuzzeh1,None,59,9,2020-12-13T23:05:41,"RT @AaesPassion: For kinky folks and couples looking to spice things up in the other room. 
Door Swing X Leg Spreader 

To stock? https://t‚Ä¶"
changocubano,San Nicolas del Peladero,139,131,2020-12-13T23:05:42,@rafrsr @FrankCalzon2014 El agua se est√° cotizando en Wall Street at very high price. Wait until all water supply o‚Ä¶ https://t.co/sxBqLntOhO
chihiro_grnd,«ù å…ê uoo…Ø é«ùuo…• ‚ú®,29,11,2020-12-13T23:05:42,"@FlorianeGrande yes! actually I received it this spring/summer I think, but some of my friends received e-mails fro‚Ä¶ https://t.co/6D5hCgrWPy"
ShirleyBurnham,"Swindon, England",3142,3250,2020-12-13T23:05:43,RT @TopCatTC69: It‚Äôs starting already. All the Unwashed Masses will start complaining they can‚Äôt have their flat pack stuff before Xmas. An‚Ä¶
alexiss_pdf,United States,517,356,2020-12-13T23:05:43,Gotta stock up on the Prosecco for this weekends festivities üòå
javblake8,MA | NC,919,561,2020-12-13T23:05:44,"Along with forcing 29 turnovers Elon grabbed 18 offensive rebounds, their season high and most since they tallied 2‚Ä¶ https://t.co/Q7XKLgpRc2"
GeorgeO07041092,None,4855,4814,2020-12-13T23:05:47,"Ass-holes!
Every!
Single!
One of Them!"
SamyRhb,"Oujda Angad, Oriental",106,27,2020-12-13T23:05:48,RT @Hotel3_: I was just informed from more than one reliable source that this weekend would be a very good time to stock up. Two weeks food‚Ä¶
Thejude99,None,5399,4970,2020-12-13T23:05:49,Wow!  I now wish I had subscribe to WSJ so I could tell them where to stuff their lousy rag paper.
asweeting_242,"Wheaton, IL",145,67,2020-12-13T23:05:50,RT @Manic_Marge: Life is too short to pretend you don‚Äôt like Elon Musk
ETtheNerdling,None,1488,65,2020-12-13T23:05:51,"RT @sho_moo: Bidding for my original 13x19 acrylic and gouache art here https://t.co/7FXmf4LpbO

I am unable to work these days, these are‚Ä¶"
EmilyLBignell,"Victoria, British Columbia",2550,3373,2020-12-13T23:05:51,RT @CaptCarpeDiem: @ananavarro @WSJ Rupert Murdoch owns the Wall Street Journal. You really expect anything from their editorial department‚Ä¶
Dr_mctocco,Portlandia,152,30,2020-12-13T23:05:52,"RT @CoriBush: They had the money for endless wars. 

They had the money for Wall Street bailouts. 

They have the money for pandemic surviv‚Ä¶"
Thejude99,None,5399,4970,2020-12-13T23:05:53,RT @Variety: ‚ÄòDisgusting Display of Misogyny‚Äô: WSJ Faces Backlash for Dr. Jill Biden¬†Op-Ed https://t.co/3wMjZRxwOk
Fightkidscancer,United States,3464,2521,2020-12-13T23:05:55,RT @washingtonpost: Perspective: The Wall Street Journal column about Jill Biden is worse than you thought https://t.co/5Q3ubkie2c
bruhther_fred,None,146,84,2020-12-13T23:05:55,"RT @Gfilche: Tesla stock* 

been thinking a lot about this. Berkshire is a conglomerate of low ROIC businesses without hyper growth potenti‚Ä¶"
dody_meirizal,"Bekasi Utara, Indonesia",40,44,2020-12-13T23:05:55,"RT @ko2w: ‚ÄúHello, Mas Elon?‚Äù
‚ÄúNo, it‚Äôs Elon Musk.‚Äù https://t.co/2xcI2BSR93"
HedgeBuddies,"Inverurie, Aberdeenshire UK",6488,6570,2020-12-13T23:05:56,"RT @Tanyawarren: Hop to it, these guys are in stock! #handmade #frog  #atsocialmedia #UKSOPRO #giftideas https://t.co/uCvQtJ2LSz #etsy #Cra‚Ä¶"
KM02758589,üá®üá¶,253,63,2020-12-13T23:05:56,"RT @CollinsKellyE: @EmeraldRobinson Shocker. Next up: Nike, NBA, Goodyear, Google, Hollywood studios, medical institutions, Wall Street, Ha‚Ä¶"
mike_nunes,"Massachusetts, USA",1046,662,2020-12-13T23:05:57,Oh crap! I have money in the stock market dont i...@SNFonNBC #GoPats
Michael31865457,USA,115,101,2020-12-13T23:05:57,RT @thehill: Northwestern University rejects Wall Street Journal op-ed on Jill Biden penned by former lecturer https://t.co/DDiGrwaWHf http‚Ä¶
easymoneygringo,White Suburbia ,119,7,2020-12-13T23:05:58,@Jessdinius @DanPriceSeattle Disney‚Äôs stock is way up actually . So I guess that‚Äôs good . Everything is open in HTo‚Ä¶ https://t.co/cCrTgchA21
stevectweather,"Naugatuck, CT",243,232,2020-12-13T23:05:59,"makes it hard for me to put any stock in the 18z. If the 00z model has a glide out well south of the northeast, I'm‚Ä¶ https://t.co/dpZd3Ct7o4"
Chilhon2016Lap,"Maryland, USA",5001,3595,2020-12-13T23:05:59,RT @xmiyakochannel: I really hope it will arrive and didn't get lost. One of the cd's in there is out of stock now and I rarely see it up f‚Ä¶
primaryneso,ÂØù„Åù„Åπ„Çä„ÅÆÂõΩ,997,511,2020-12-13T23:05:59,"RT @nesoverse: *IN STOCK* Medium Nesoberi Plush Love Live All Stars

Yohane: https://t.co/1tbcI9VEUS
Maru: https://t.co/JZ3Y8TzSck
Ruby: ht‚Ä¶"
NicholasYanes,None,729,2204,2020-12-13T23:05:59,"In Finland, they give people a sword when they earn a doctorate. If we did that in the United States, Dr. Jill Bide‚Ä¶ https://t.co/HCCU5aqXQY"
chron,"Houston, TX",118,173,2020-12-13T23:06:00,"Hey @elonmusk, we know that being a #Texan can be intimidating. Here's a guide to make your transition a lot smooth‚Ä¶ https://t.co/VnyrK7G30i"
mustangrobby,Southern California,676,611,2020-12-13T23:06:01,"RT @rolmeda: The Wall Street Journal owes an apology not only to Dr. Biden, but to anyone whose op-ed submission was ever rejected by the p‚Ä¶"
paulaguevaara,"Valley Stream, NY",100,68,2020-12-13T23:06:02,"RT @hollywoodcobe: Please take ur stock x tag off of your sneakers. Despite what you may think, it will not increase your chances of gettin‚Ä¶"
inarabtr,"Bejaia, Alg√©rie",241,235,2020-12-13T23:06:03,ASICS REMETTEZ DU STOCKüò°üò°üò°üò°üò°üò°üò°üò°üò°üò°üò°üî™üî™üî™
AhmadNorMaulana,"Jakarta Utara, DKI Jakarta",46,3432,2020-12-13T23:06:03,How To Create A Great Future: Taking Stock And Moving Forward https://t.co/VRhkwrTwxk https://t.co/SH6jwit25k
kamromero,Madrid,1901,3390,2020-12-13T23:06:03,RT @SergioRebelo6: An asset-pricing puzzle: why is the correlation between stock returns and fundamentals across bull and bear episodes muc‚Ä¶
ChartMill,Belgium,371,6422,2020-12-13T23:06:04,$INTC has a poor technical rating and the quality of the setup is also only medium at the moment.‚Ä¶ https://t.co/DV58vdJkCV
Fattcheeked,Around.,690,3132,2020-12-13T23:06:07,"RT @Adam89___: 50 years later and they'll still blame Wenger. These idiots don't know a thing about football, should watch Rugby and try sh‚Ä¶"
deeb_david,None,216,3,2020-12-13T23:06:07,@JoeMSNBC Why does Wall Street want a stimulus bill? Because they care about people or because they want to drive u‚Ä¶ https://t.co/Pl9udbH7w8
callmeMsMay,None,819,44,2020-12-13T23:06:07,RT @atthelake54843: @KLoeffler ‚ÄúLet thou buy the stock of the company that make the bags for the bodies when confidential brief of pandemic‚Ä¶
vavaamyclara,"London, England",636,91,2020-12-13T23:06:08,RT @mashable: 'His Dark Materials' stars Dafne Keen and Amir Wilson put their fantasy knowledge to the test in a game of Stock Footage Pict‚Ä¶
esshman,"7.3775¬∞ N, 3.9470¬∞ E",2638,2881,2020-12-13T23:06:08,"RT @trending_medic: That being said, the fact that people now turn to sniper for suicidal attempts should mean every hospital should have A‚Ä¶"
JemmaMacex,neverland,1169,1495,2020-12-13T23:06:08,"RT @rhianhowlett: Thought I‚Äôd share my Etsy shop link here. 
All handmade Welsh soaps using local ingredients where possible!
Stock is a li‚Ä¶"
RealAdamWard,United Kingdom,344,98,2020-12-13T23:06:11,@EpicTimes7 @GabeFiggie @TrevorTerpenni1 @markdamon77 @realDonaldTrump That's not much of a response. And Trump has‚Ä¶ https://t.co/6psNePLnLU
CanonPriceWatch,None,0,1069,2020-12-13T23:06:11,"EOS R5 Now In-Stock at Amazon (Sold by Amazon, Prime Eligible) https://t.co/ztTqpxJJ6b"
cutesope,"Cardiff, Wales",455,803,2020-12-13T23:06:12,it's literally impossible to buy a house in Cardiff because they're all owned by landlords...
OcsUpdater,"Ontario, Canada",664,484,2020-12-13T23:06:13,"No longer in stock at OCS: 

CBD 1:20 Oil by Verse Originals

https://t.co/uak7M8Dtub"
TiaagoChaves,None,1718,23,2020-12-13T23:06:13,RT @SeanCar79447369: AntiOx is your place to look for answers to boost your immune system and of course refill your Fountain of Life stock‚Ä¶
MimicRankin,None,131,29,2020-12-13T23:06:13,"@BestBuy I mean, the shit graphics on consoles counts as breathtaking, right? Or was that the massive dip in their‚Ä¶ https://t.co/fTKPuV2Nby"
AngeliniAlfredo,"Caracas, Venezuela",2524,1538,2020-12-13T23:06:13,RT @realDonaldTrump: A big disappointment!
alkamaass,New York State,248,107,2020-12-13T23:06:14,"@Graslu00 @lukaaas_18 steel bowls are expensive/often out of stock, and replacement parts can be bad (kitsch bent h‚Ä¶ https://t.co/Gk3d3ke8lI"
Josh_Cont,North Hollywood,891,132,2020-12-13T23:06:14,"@StoffelMatt Also, just a super specific experience of mine I wanted to share-- I associate Tri-X with the janky Su‚Ä¶ https://t.co/a6Ozs9XtGJ"
cinnders_cindy,None,57,18,2020-12-13T23:06:15,RT @Hotel3_: I was just informed from more than one reliable source that this weekend would be a very good time to stock up. Two weeks food‚Ä¶
WhyBradsmall345,1985,806,852,2020-12-13T23:06:15,@realDonaldTrump I like the stock generic angry people at the end.
Investingcom,Global,455,240386,2020-12-13T23:06:15,"‚ö†Ô∏èBREAKING:

*SUNDAY NIGHT FUTURES OPEN HIGHER AS WALL STREET BRACES FOR ANOTHER EVENTFUL WEEK

$DIA $SPY $QQQ $IWM‚Ä¶ https://t.co/jkqEqUhziV"
MarlaTauscher,None,2109,1414,2020-12-13T23:06:16,"RT @rolmeda: The Wall Street Journal owes an apology not only to Dr. Biden, but to anyone whose op-ed submission was ever rejected by the p‚Ä¶"
NEWWORLDONE1,AMERICA!!,5000,3583,2020-12-13T23:06:16,RT @TruthSeeker____: A Chinese-Owned Stock Trading App is Quietly Amassing US¬†Users https://t.co/kYmCbSfPFF
BL4USA,United States,39512,38797,2020-12-13T23:06:16,"RT @crsphilly: üá∫üá∏  PLEASE READ THIS  üá∫üá∏THREAD AND TAKE NOTICE

The time is NEAR and this time is to be used WISELY! 

Get READY and be prep‚Ä¶"
commons96055467,"Los Angeles, CA",7420,7539,2020-12-13T23:06:16,"RT @commons96055467: If The Wall Street Journal is asking Dr. Jill Biden to drop the ‚ÄúDr.‚Äù, let‚Äôs demand that The Wall Street Journal drop‚Ä¶"
brucebarbet2,None,72,229,2020-12-13T23:06:17,RT @DanMorrow1125: This story coming from a fool that lives in Illinois
PhilNugent,"Boulder, Colorado ",5053,4567,2020-12-13T23:06:17,RT @ValerieJarrett: It is disappointing that the @WSJ would give anyone an avenue to publish such misogynistic nonsense. The soon-to-be Fir‚Ä¶
BonitaGhost12,Mopar World,1530,2111,2020-12-13T23:06:18,"RT @Dodge: Left: roguishly handsome. Right: handsomely roguish.

[Challenger SRT¬Æ Super Stock]: Available late 2020‚Å£‚Å£
[Charger SRT¬Æ Hellcat‚Ä¶"
InvestorsLive,"New Hampshire, USA",159,133593,2020-12-13T23:06:20,"RT @InvestorsLive: üí• FREE SCAN + VIDEO üí• 

üëâ Check out my stock watch list and detailed game plan for tomorrow https://t.co/95tx1jo0cD

$DI‚Ä¶"
opidied,he/they,226,250,2020-12-13T23:06:20,@uwutism @accelbackhop maybe but if the stock comes back in they will shoot down in price for sure
aidan_8m,"Great Barrington, MA",352,41,2020-12-13T23:06:21,"RT @CoriBush: They had the money for endless wars. 

They had the money for Wall Street bailouts. 

They have the money for pandemic surviv‚Ä¶"
blackdogbear,None,145,66,2020-12-13T23:06:21,this right here. so glad i cancelled my sub to the Wall Street Urinal so many years ago. :-)
NickStratmann,"St Louis, MO",2606,766,2020-12-13T23:06:22,"RT @CoriBush: They had the money for endless wars. 

They had the money for Wall Street bailouts. 

They have the money for pandemic surviv‚Ä¶"
Veedramon,FFXIV: Mateus,399,768,2020-12-13T23:06:23,all the shit i have my eye on the pokemoncenter site is out of stock STILL
BassoonBuffoon,None,320,234,2020-12-13T23:06:24,"@Seemeonlan I wasn't coming into this expecting to not have some incidental D1 commentary here and there, but I fee‚Ä¶ https://t.co/K7VPcrIkgn"
CreationRebel6,None,239,85,2020-12-13T23:06:25,"RT @CoriBush: They had the money for endless wars. 

They had the money for Wall Street bailouts. 

They have the money for pandemic surviv‚Ä¶"
Panjsheri_,"Washington, DC",477,160,2020-12-13T23:06:26,RT @ajitosu: @AnthonyOhayon A big yes. $SQ is the most ‚Äúmatured‚Äù stock in my portfolio. It can easily grow 2x in the next 5 yrs but by then‚Ä¶
FreeDem15,None,58,8,2020-12-13T23:06:26,RT @Hotel3_: I was just informed from more than one reliable source that this weekend would be a very good time to stock up. Two weeks food‚Ä¶
Captkenimo,"BlueHawaii, USA",10131,10067,2020-12-13T23:06:28,Retweeted by @LLinWood üëáüèΩüëáüèΩüëáüèΩ
rpa5476,None,331,41,2020-12-13T23:06:28,"RT @KathaPollitt: Monica Hesse puts Joseph Epstein and the WSJ in their place. 
https://t.co/dcaq1fCBLG"
wjfairfield,USA,595,122,2020-12-13T23:06:28,"RT @CoriBush: They had the money for endless wars. 

They had the money for Wall Street bailouts. 

They have the money for pandemic surviv‚Ä¶"
matthewboyle27,"Cape May, NJ",432,549,2020-12-13T23:06:28,"RT @Investingcom: ‚ö†Ô∏èBREAKING:

*SUNDAY NIGHT FUTURES OPEN HIGHER AS WALL STREET BRACES FOR ANOTHER EVENTFUL WEEK

$DIA $SPY $QQQ $IWM $VIX‚Ä¶"
kimseekstruth,None,387,164,2020-12-13T23:06:29,Try ‚Äúthinking for yourself‚Äù. If you have a solution to a virus you would be buying more stock not selling. Pfizer's‚Ä¶ https://t.co/YLoIp03L9W
Jared_2A,None,92,5,2020-12-13T23:06:29,"@BWilson1492 @laurenboebert @irs Next time read up on what Trump actually does, and stop letting the media think fo‚Ä¶ https://t.co/z3UvWNsqDt"
williamwong47,Hong Kong,39,3,2020-12-13T23:06:30,@traderstewie this stock I have been looking for 2 weeks. FinallyÔºÅ
Novanaditya20,nomaden ,794,307,2020-12-13T23:06:30,"RT @ko2w: ‚ÄúHello, Mas Elon?‚Äù
‚ÄúNo, it‚Äôs Elon Musk.‚Äù https://t.co/2xcI2BSR93"
AngeliniAlfredo,"Caracas, Venezuela",2524,1538,2020-12-13T23:06:30,RT @toddstarnes: If the Wall Street Journal story is true and Attorney General Barr knew in the spring about the Biden investigation and ke‚Ä¶
MaryLou73874297,None,30,11,2020-12-13T23:06:30,RT @Hotel3_: I was just informed from more than one reliable source that this weekend would be a very good time to stock up. Two weeks food‚Ä¶
Sipheera,"Utah, USA",789,699,2020-12-13T23:06:31,"RT @ReneeAlida: The Wall Street Journal referred to DR. Jill Biden as ""kiddo""??

Would you refer to ANY man by that name? Even the most med‚Ä¶"
jadonat9832,"Poway, CA",4997,1499,2020-12-13T23:06:32,RT @TruthSeeker____: A Chinese-Owned Stock Trading App is Quietly Amassing US¬†Users https://t.co/kYmCbSfPFF
informatory,YouTube,734,1770,2020-12-13T23:06:32,Indian iPhone Factory Attacked by Angry Workers - The Wall Street Journal https://t.co/ldGaI2nttM
craftyclassyrn,None,2512,2389,2020-12-13T23:06:33,RT @ShowingSparkle: LIMITED STOCK REMAINING! Traditional Metallic Silver &amp; Diamante Stock Pin ~ Showing ~ Hunting ~ Dressage  | eBay https:‚Ä¶
66camshaft,"Boston, Massachusetts",1115,675,2020-12-13T23:06:33,"RT @CollinsKellyE: @EmeraldRobinson Shocker. Next up: Nike, NBA, Goodyear, Google, Hollywood studios, medical institutions, Wall Street, Ha‚Ä¶"
KimRick31years,#DeportTxIllegalAliensüëä,3412,1892,2020-12-13T23:06:33,RT @realDonaldTrump: A big disappointment! https://t.co/esmB5HrJlH
akokitamura,Tokyo,550,27624,2020-12-13T23:06:33,"RT @serkantoto: At Yodobashi in Akihabara, Tokyo‚Äôs biggest electronics store. 

I almost cannot believe my eyes: all Switch products listed‚Ä¶"
JesseCohenInv,Tel Aviv,263,13878,2020-12-13T23:06:34,"RT @Investingcom: ‚ö†Ô∏èBREAKING:

*SUNDAY NIGHT FUTURES OPEN HIGHER AS WALL STREET BRACES FOR ANOTHER EVENTFUL WEEK

$DIA $SPY $QQQ $IWM $VIX‚Ä¶"
ScottyM26251233,How did I get here?,29,11,2020-12-13T23:06:34,@Clayton4_ He's gotta build his futuristic George Jetson City sometime before he dies.  Musk isn't letting him set‚Ä¶ https://t.co/mWnZGXTl4i
exposebeastsys,None,488,284,2020-12-13T23:06:35,@KamalaHarris Give money to the sky gods to be less angry. And re stock the global nwo slush fund.
LucasArchambau6,None,33,5,2020-12-13T23:06:36,"Your free stock is waiting for you! Join Robinhood and we'll both get a stock like Apple, Ford, or Facebook for fre‚Ä¶ https://t.co/ljeZijIVFK"
tgaroupa,"Fort Collins, CO",1105,19,2020-12-13T23:06:36,"RT @CoriBush: They had the money for endless wars. 

They had the money for Wall Street bailouts. 

They have the money for pandemic surviv‚Ä¶"
Douatrm,"Houston, TX",166,502,2020-12-13T23:06:36,RT @MollyJongFast: Fuck yes https://t.co/A6ebYH1rso
carsonbc,"Lower Sackville, NS",49,239,2020-12-13T23:06:38,@VicTafur Gruden and his boyfriend Guenther are a joke and a laughing stock of the league.
hah0921,"Tampa, FL",4984,3018,2020-12-13T23:06:39,RT @ukexpat19: NEW RULE: Members of Congress SHOULD NOT own stocks!
34NenaSM,United States,690,609,2020-12-13T23:06:39,"RT @crsphilly: üá∫üá∏  PLEASE READ THIS  üá∫üá∏THREAD AND TAKE NOTICE

The time is NEAR and this time is to be used WISELY! 

Get READY and be prep‚Ä¶"
toysbeetle,None,1007,1501,2020-12-13T23:06:40,"Stock in back‚ÄºÔ∏è
Marvel Legends Series Kingpin on Amazon-https://t.co/f9RTM9aEPg

#MARVELLEGENDS"
thefergusclan,None,474,973,2020-12-13T23:06:40,"RT @peterdaou: SOMEHOW YOU HAVE MONEY TO CAGE KIDS

SOMEHOW YOU HAVE MONEY FOR ENDLESS WAR

SOMEHOW YOU HAVE MONEY TO DRONE BABIES

SOMEHOW‚Ä¶"
GRAINSOILSEEDS,Europe,1632,3408,2020-12-13T23:06:40,#markets are UP
MarketBell_Pod,"Wall Street, NYC",2,880,2020-12-13T23:06:42,"RT @Investingcom: ‚ö†Ô∏èBREAKING:

*SUNDAY NIGHT FUTURES OPEN HIGHER AS WALL STREET BRACES FOR ANOTHER EVENTFUL WEEK

$DIA $SPY $QQQ $IWM $VIX‚Ä¶"
Pros_P33,Rwanda,549,1525,2020-12-13T23:06:43,@GhanaY3d3 @fii_banson @koftownFlower @gyaigyimii @Lewan____ @LegonMedikal @gyimie_y3d3 @CapeShatta @Views09 Noddles stock broker.
WallaTracy,None,13,1,2020-12-13T23:06:44,RT @toddstarnes: If the Wall Street Journal story is true and Attorney General Barr knew in the spring about the Biden investigation and ke‚Ä¶
gabycam,None,3879,1044,2020-12-13T23:06:44,"RT @peterdaou: SOMEHOW YOU HAVE MONEY TO CAGE KIDS

SOMEHOW YOU HAVE MONEY FOR ENDLESS WAR

SOMEHOW YOU HAVE MONEY TO DRONE BABIES

SOMEHOW‚Ä¶"
ReneeAdler05,Georgia,1359,212,2020-12-13T23:06:45,"RT @DanaStarr18: There was already enough to vote against Loeffler and Perdue, but then I heard about them BOTH buying stock in body bags.‚Ä¶"
bestfxbrokers7,London,12,2,2020-12-13T23:06:45,"RT @WSJ: ‚ÄúI think there might be too many M.B.A.s running companies,‚Äù says Elon Musk. ‚ÄúThere should be more focus on the product or service‚Ä¶"
KompasLabo,None,18,12,2020-12-13T23:06:45,The predicted closing price of Nikkei Stock Average is 26458 yen by the kompas system (07:00 JST)
BoldStatePod,"Lowell, MA",195,1598,2020-12-13T23:06:45,@LFletcher59 Stock for his DROTY campaign üìàüìàüìà
stonecolekam,"Dreamville,U.S.A.",534,284,2020-12-13T23:06:45,"RT @CoriBush: They had the money for endless wars. 

They had the money for Wall Street bailouts. 

They have the money for pandemic surviv‚Ä¶"
AkhavanKayvan,"Mission Viejo, CA",31,182,2020-12-13T23:06:46,"RT @CoriBush: They had the money for endless wars. 

They had the money for Wall Street bailouts. 

They have the money for pandemic surviv‚Ä¶"
Stonekeeper3,None,35094,34291,2020-12-13T23:06:46,RT @realDonaldTrump: A big disappointment! https://t.co/esmB5HrJlH
Kyle13Humphreys,None,546,611,2020-12-13T23:06:48,RT @GatorRyan: Jfc Marco made us a laughing stock to the point where the dude from the GW Bush shoe incident commented on it
Salty_Swift,Saturn,2264,701,2020-12-13T23:06:49,RT @washingtonpost: Perspective: The Wall Street Journal column about Jill Biden is worse than you thought https://t.co/5Q3ubkie2c
its___anonymous,Mars,3203,3178,2020-12-13T23:06:49,@Ayotund3 This the guy from Wolf of Wall Street yeah
sunnyek,USA,6336,6809,2020-12-13T23:06:49,"RT @elizableu: ‚ÄúWhen something is important enough, you do it even if the odds are not in your favor.‚Äù
- Elon Musk

The odds of ending huma‚Ä¶"
allejandroreyes,"Houston, TX",315,258,2020-12-13T23:06:49,Hopefully the stock market can provide me with money for Christmas gifts ü§°
Jemimahere,None,1368,180,2020-12-13T23:06:49,"RT @kpoppingcom: ALBUM or LIGHTSTICK GIVEAWAY üíøüî¶

‚ñ´Ô∏è Worldwide
‚ñ´Ô∏è RT &amp; Must be following @kpopmart &amp; @kpoppingcom 
‚ñ´Ô∏è Ends December 15th
‚ñ´Ô∏è‚Ä¶"
imquitescared,"Long Beach, CA",448,362,2020-12-13T23:06:50,RT @kenklippenstein: The pandemic is causing a 9/11 death toll every day and this is what the media chooses to focus on. Awesome
Kicksandtee,"Dallas, Texas",294,270,2020-12-13T23:06:50,@RocketsPlsWin Heat really need to trade Herro if his hype is like this to where we talking about trading him for H‚Ä¶ https://t.co/TVcJwQtsfn
ALagunis,None,115,18,2020-12-13T23:06:51,@KonRoditis @bittergertrude @tedcruz Oracle has a Trump supporting CEO and Elon has been planning a move for awhile‚Ä¶ https://t.co/HXIxs2E2YT
WHITEFX84,None,37,14,2020-12-13T23:06:53,"RT @Investingcom: ‚ö†Ô∏èBREAKING:

*SUNDAY NIGHT FUTURES OPEN HIGHER AS WALL STREET BRACES FOR ANOTHER EVENTFUL WEEK

$DIA $SPY $QQQ $IWM $VIX‚Ä¶"
emceebeere,None,3967,878,2020-12-13T23:06:53,"RT @karamballes: 3/ ""But Sweden""...""learn to live with it"".. ""GBD""

Sweden schools are shutting early for Christmas to try and prevent what‚Ä¶"
uwutism,hails ‡∑Ü,743,2203,2020-12-13T23:06:54,@opidied yeee that‚Äôs my issue i wna sell my old gpu before new stock comes in so i can sell it before the price crashes &gt;.&lt;
DBcapital824,"Miami, FL",204,437,2020-12-13T23:06:55,"RT @Investingcom: ‚ö†Ô∏èBREAKING:

*SUNDAY NIGHT FUTURES OPEN HIGHER AS WALL STREET BRACES FOR ANOTHER EVENTFUL WEEK

$DIA $SPY $QQQ $IWM $VIX‚Ä¶"
bunbun_gguk,she/her 22,113,87,2020-12-13T23:06:57,"RT @wohcuIt: y‚Äôall putting wayyy too much stock in small shit. create a positive space for yourselves, stop blowing up non-issues, think fo‚Ä¶"
JonThrobs,Parts Unknown,222,43,2020-12-13T23:06:57,"RT @DanaStarr18: There was already enough to vote against Loeffler and Perdue, but then I heard about them BOTH buying stock in body bags.‚Ä¶"
LSchneerer,In United States Of America,902,1814,2020-12-13T23:06:57,"RT @BlackFlagArmy10: Just got my girl she's a sexy bitch 

Springfield Armory SAINT Victor AR-15 5.56 Semi Auto Rifle 16"" Barrel M-LOK Free‚Ä¶"
VaraSueTamminga,"WEBSTER, TEXAS",4,23,2020-12-13T23:06:58,Wall Street Journal denounced after ‚Äòsexist‚Äô article calls Jill Biden ‚Äòkiddo‚Äô https://t.co/54jmYE1zdB
grassho70900316,"Los Angeles, CA",2926,163,2020-12-13T23:06:59,"RT @USATODAY: Biden spokesman Michael LaRosa condemned the Journal and the¬†editor in charge of its op-eds,¬†tweeting¬†the outlet¬†""should be e‚Ä¶"
rhcm123,"New Jersey, mostly",1209,1461,2020-12-13T23:06:59,"RT @BW: For all the talk of ""Tesla fighters,"" Fiat Chrysler, Ford and General Motors were fine to let Elon Musk have his fun and his fun-ho‚Ä¶"
HarishN59407067,"Bay Area, California",39,6,2020-12-13T23:06:59,RT @ChartMill: $PHM showing up in our top Strong Growth selection and may be ready for breakout. https://t.co/WnzB4kXVPi
RSLC,"Washington, DC",2776,50559,2020-12-13T23:07:00,"""Shelter-in-place, or as we call it, forcibly imprisoning people in their homes, against all their constitutional r‚Ä¶ https://t.co/YdPGF3P8Hh"
ChristineLoner6,None,4066,3420,2020-12-13T23:07:01,@ArmyMom0812 @Montejp231 @inezsneks @jewishaction @CheriJacobus @KLoeffler Yes. She and the other Georgia repusivel‚Ä¶ https://t.co/q1UllelHOO
optionplug,United States ,0,82,2020-12-13T23:07:01,"Pfizer make money with vaccine which makes it a very attractive pick for our short and long term calls

We have a f‚Ä¶ https://t.co/JK6nFGcGJ8"
Nextzlee,Matteo#0001,174,1455,2020-12-13T23:07:02,@EatShoe42 you should get an email soon saying your order was canceled due to stock numbers
ChartMill,Belgium,371,6422,2020-12-13T23:07:04,"Although the technical rating is bad, $YANG does present a nice setup opportunity. https://t.co/hAeqibkGm8 https://t.co/9KadzMRuAx"
PrincessLuna18x,"Scotland, United Kingdom",1449,3919,2020-12-13T23:07:05,"RT @TheOnlineRando: Dreaming of destruction? Stock up on first aid supplies, @fatfemmefrisky is here.

[femdom findom femaledomination fina‚Ä¶"
Lpowellrn2Lacey,None,754,44,2020-12-13T23:07:06,RT @Hotel3_: I was just informed from more than one reliable source that this weekend would be a very good time to stock up. Two weeks food‚Ä¶
Ps5Eb,None,0,0,2020-12-13T23:07:06,"@EBGamesAus Ringwood and Lilydale stores have given their customers their 2021 shipment PS5‚Äôs
I know other stores h‚Ä¶ https://t.co/Vd9JVo0N5D"
nicklmg,"Surrey, British Columbia",411,46442,2020-12-13T23:07:06,@Daniel57557280 Yeah it‚Äôs tough haha... have to speak with our shipping provider next week to see what they can do‚Ä¶ https://t.co/hDcwNj8xKA
ChartMill,Belgium,371,6422,2020-12-13T23:07:07,$SLA.L: The long and short term trends are both positive. This is looking good! https://t.co/RPPl5xKDAy #ChartMill‚Ä¶ https://t.co/CWt2id0vYL
RevShark,"Anna Maria, FL, Conover, NC",489,15918,2020-12-13T23:07:07,I picked six stock back in Dec and early Jan for 2020 The overall return currently is about 57%.  There was one maj‚Ä¶ https://t.co/G2TnX4QoSa
Airdropnotecom,Blockchain,297,898,2020-12-13T23:07:08,"RT @Airdropnotecom: #Bitcoin #Satoshi #crypto #blockchain #Airdrop

Get a tokenised stock of up to $100 in value as
50% of trading commissi‚Ä¶"
Harrowdown2018,United States,4450,4027,2020-12-13T23:07:08,"@TielleTeaKAG I'm not trying to defend Barr but he owns/owned stock in @DominionEnergy, not @dominionvoting.  Huge difference."
JackyBancayan,"New York, NY",344,315,2020-12-13T23:07:09,RT @washingtonpost: Perspective: The Wall Street Journal column about Jill Biden is worse than you thought https://t.co/5Q3ubkie2c
jgordon_23,"Aberdeen, Scotland",4039,205,2020-12-13T23:07:10,"RT @davelackie: Bonus ""Happy Holidays, Followers"" Twitter Giveaway. I'm saying ""season's greetings"" to everyone by giving away Givenchy Liv‚Ä¶"
stocks_eagle,"Calgary, Alberta",128,126,2020-12-13T23:07:10,"Get ready guys, its green AF üòÇüòÇüòÇ https://t.co/MlKupLbPOX"
Jfeliciano_94,"Surprise, AZ",709,483,2020-12-13T23:07:12,@Joerb31 Idek if he can be successful somewhere else at this point. If so it‚Äôll be years down the line. Trade stock forever plummeting
jburcham81,United States,135,74,2020-12-13T23:07:12,"@Mookiegarza @SnickerNik @Conniecaliforn ... trillions of dollars, while China lost nothing fiscally. And the stock‚Ä¶ https://t.co/1mM0oaoQ60"
CinnamonGurl73,None,4966,3710,2020-12-13T23:07:12,"RT @TimeToSayGood15: @KLoeffler ""Kelly Loeffler Dumped Millions in Stock After Coronavirus Briefing"" She received an early warning about th‚Ä¶"
crystallcleear,somewhere ,715,756,2020-12-13T23:07:12,"RT @CoriBush: They had the money for endless wars. 

They had the money for Wall Street bailouts. 

They have the money for pandemic surviv‚Ä¶"
deecheelobra,None,2122,961,2020-12-13T23:07:14,"RT @CoriBush: They had the money for endless wars. 

They had the money for Wall Street bailouts. 

They have the money for pandemic surviv‚Ä¶"
Big_Headers,"England, United Kingdom",15008,15823,2020-12-13T23:07:14,"How to start people panic buying?

Tell them not to stock up!"
manda_kalyan,None,56,9,2020-12-13T23:07:15,THIS üëáüëáüëáüëá Shame on #WSJ
MorganFrawley,"Sydney, Australia",4996,4006,2020-12-13T23:07:16,"RT @ReneeAlida: The Wall Street Journal referred to DR. Jill Biden as ""kiddo""??

Would you refer to ANY man by that name? Even the most med‚Ä¶"
PatrickBaitman3,None,879,388,2020-12-13T23:07:16,@EzIntenso @HogarthHughes8 @ddandnp @NIOGlobal @RobinhoodApp @WebullGlobal @cnTechPost @WSJ @CNNBusiness‚Ä¶ https://t.co/q5IMc91Mhf
JaymartSa,"Johannesburg, South Africa",91,43,2020-12-13T23:07:17,Brand new decoders without installation for R300 only. So call now and take advantage of this super price while sto‚Ä¶ https://t.co/1iEm3mL6Eo
themightyvans,None,112,103,2020-12-13T23:07:17,RT @payhermind: reminder that stock ownership is fucked up. you‚Äôre literally securing an entitlement to the fruits of someone else‚Äôs labor‚Ä¶
HipHopGeek86,"The Watchtower, Earth Orbit",3396,1425,2020-12-13T23:07:18,RT @sonicpulsar: Seems like Nintendo managed to ensure good amounts of stock allocated for December. This is Japan‚Äôs biggest electronics st‚Ä¶
William22134597,None,117,57,2020-12-13T23:07:19,"RT @CoriBush: They had the money for endless wars. 

They had the money for Wall Street bailouts. 

They have the money for pandemic surviv‚Ä¶"
AkhavanKayvan,"Mission Viejo, CA",31,182,2020-12-13T23:07:19,"RT @ananavarro: I know who Dr. Jill Biden is.
Who the hell is this Joseph Epstein, guy? Any relation to Jeffrey?"
K_Weber95032,None,206,6,2020-12-13T23:07:20,@sendavidperdue has been getting rich by making stock trades based on insider information
TaylorKaercher,"Michigan, USA",139,34,2020-12-13T23:07:23,"@WorldAndScience Power is nothing without People, 
Leadership is nothing without Responsibility, 
&amp; Tomorrow is not‚Ä¶ https://t.co/dWvT3r50zW"
Lichking78,None,1321,1073,2020-12-13T23:07:23,"@RippsXRP Its funny how they choose what somebody tells them over facts. No wonder scammers are so successful.
Oppo‚Ä¶ https://t.co/eL2hunHgXn"
26juliaroman,None,1210,1128,2020-12-13T23:07:24,$LXRP üí´check this outüí´Lexaria Bioscience Corp. Discusses Demonstration of Improved Oral Delivery for Antiviral Drug‚Ä¶ https://t.co/Ma9HkbfWqt
waddell___,"Camberley, South East",370,64,2020-12-13T23:07:24,@NathanKAMarsh @PS5StockUK1 Are they coming in stock at random times?
timewarden1,None,25808,26592,2020-12-13T23:07:25,RT @ryangrim: New ad in Georgia hits @SenatorLoeffler &amp; @sendavidperdue for using inside info to profit from the pandemic -- and goes after‚Ä¶
zimba313_,toronto ,351,647,2020-12-13T23:07:26,"RT @inquirerdotnet: The UN urged leaders to declare a global climate emergency and shape greener growth after the coronavirus pandemic, as‚Ä¶"
BlazeInvesting,None,7,19,2020-12-13T23:07:27,"RT @Investingcom: ‚ö†Ô∏èBREAKING:

*SUNDAY NIGHT FUTURES OPEN HIGHER AS WALL STREET BRACES FOR ANOTHER EVENTFUL WEEK

$DIA $SPY $QQQ $IWM $VIX‚Ä¶"
WintertheShark,Flashing her Shark tiddies.,294,294,2020-12-13T23:07:27,"RT @Thiccbully: Retweet if Susie can invade your dm and make you her cum dumpster, getting fucked every day till you're covered in cum and‚Ä¶"
SpectreJournal,"Minneapolis, MN",4264,2133,2020-12-13T23:07:28,"RT @CoriBush: They had the money for endless wars. 

They had the money for Wall Street bailouts. 

They have the money for pandemic surviv‚Ä¶"
ArcOrbit,None,1299,262,2020-12-13T23:07:28,"RT @CoriBush: They had the money for endless wars. 

They had the money for Wall Street bailouts. 

They have the money for pandemic surviv‚Ä¶"
MenAnothrPlanet,Somewhere special,290,290,2020-12-13T23:07:29,"Scott Kelly #DNA ALL Jacked UP &amp; 2"" taller than his Twin Senator Mark Kelly when he came back from 1yr?! space stat‚Ä¶ https://t.co/WJedu4cKUM"
BenRodriguez413,"Suffield, Connecticut",2345,504,2020-12-13T23:07:30,"RT @CoriBush: They had the money for endless wars. 

They had the money for Wall Street bailouts. 

They have the money for pandemic surviv‚Ä¶"
egapnala65,None,715,737,2020-12-13T23:07:30,RT @CllrBattley: I can't take any more. If I've told the Signage Dept. once not to hire Sid Woodall &amp; Sons I've told them a thousand times.‚Ä¶
buchman_matt,"Hazleton, PA",42,30,2020-12-13T23:07:30,"RT @PAPrepsRivals: Class of 2023 Running Back Stock Risers 
https://t.co/nWKevKBBWV 

@buchman_matt
@ezeekai
@GraydenLewis"
C010Car,Uk,11,0,2020-12-13T23:07:30,"@realDonaldTrump I would like to say that I feel very sorry for ALL Americans
Trump is making your country a laughi‚Ä¶ https://t.co/3cXBYUtyGr"
emkatepsu,None,359,120,2020-12-13T23:07:30,"RT @CatharsisDaily: @KLoeffler And the Lord said, ""protect thine stock market portfolio with all thine heart &amp; I shall make you a fisher of‚Ä¶"
DarRider,None,3063,2677,2020-12-13T23:07:31,"RT @BL4USA: More Silicon Valley Insiders Added to Biden Transition Team ü§îü§îü§î

I thought Democrats were anti-big business, anti-Wall Street..‚Ä¶"
